{
  "epoch": 1.0,
  "train_loss": 0.6660234079272386,
  "accuracy": 0.6378254211332313,
  "f1_macro": 0.6318050337744607,
  "f1_binary": 0.6788866259334692,
  "precision": 0.6382584654531219,
  "precision_binary": 0.6361323155216285,
  "recall": 0.6328832483251147,
  "recall_binary": 0.727802037845706,
  "auc_roc": 0.6923737163523831
}