model,accuracy,f1_macro,f1_binary,precision,precision_binary,recall,recall_binary,auc_roc
Logistic Regression,0.6377036462373933,0.6314430259775166,0.6794783802333562,0.631231359702733,0.6837016574585635,0.6317182270554634,0.6753069577080492,0.6727207592725274
BERT,0.6392552366175329,0.6258485566344254,0.6966731898238747,0.6302735173824131,0.6675,0.6250478471247558,0.7285129604365621,0.6754934388096616
SVM,0.6136539953452289,0.568976214264995,0.7077464788732394,0.6061021186742579,0.6210092687950567,0.5803880769872506,0.8226466575716235,0.6558294973843573
