model,accuracy,f1_macro,f1_binary,precision,precision_binary,recall,recall_binary,auc_roc
Logistic Regression,0.6232771822358346,0.6220638057594579,0.6434782608695652,0.6221407738536613,0.6406926406926406,0.6220132485837842,0.6462882096069869,0.6793250135801512
