model,accuracy,f1_macro,f1_binary,precision,precision_binary,recall,recall_binary,auc_roc
SVM,0.6140888208269525,0.5916724565756823,0.6873449131513648,0.6249187770447613,0.5989189189189189,0.6035254307435809,0.8064046579330422,0.6538789849807057
